Year,kg_per_cell,cell_active_area,efficiency,cell_to_module_ratio,cells_per_module
2020,0.015,0.024566,0.215,0.98,60
2021,0.015,0.024566,0.215,0.98,60
2022,0.015,0.024566,0.215,0.98,60
2023,0.016,0.033124,0.22,0.99,120
2024,0.016,0.033124,0.225,0.99,120
2025,0.016,0.033124,0.23,0.99,120

